tar_name,filepath,hash
timeseries_png_06a0fd00,3_visualize/out/timeseries_AK.png,e2dc69496d831d61
timeseries_png_a8caf0e5,3_visualize/out/timeseries_AL.png,b92662005f17be45
timeseries_png_8906d341,3_visualize/out/timeseries_AR.png,28ce77f108ce0235
timeseries_png_193c48e8,3_visualize/out/timeseries_AZ.png,10345df971d217ee
timeseries_png_d39d96ac,3_visualize/out/timeseries_CA.png,580b5b846b51ee2e
timeseries_png_0fae2a17,3_visualize/out/timeseries_CO.png,13f11ce95d38ee96
timeseries_png_98d67f29,3_visualize/out/timeseries_CT.png,73e6b388f5b59089
timeseries_png_ff73cb83,3_visualize/out/timeseries_DC.png,0e0bb952e5afb24b
timeseries_png_78e86708,3_visualize/out/timeseries_DE.png,8c828a82ca5f4441
timeseries_png_59153cec,3_visualize/out/timeseries_FL.png,7a6eaaaaa4df0c09
timeseries_png_3db17e5d,3_visualize/out/timeseries_GA.png,4f5860eeceb89b95
timeseries_png_b3691e01,3_visualize/out/timeseries_HI.png,63817d038cf8b723
timeseries_png_2da56e14,3_visualize/out/timeseries_IA.png,d2b4142882a0ea56
timeseries_png_05f1a2f0,3_visualize/out/timeseries_ID.png,c421aff63703ab5b
timeseries_png_43be88df,3_visualize/out/timeseries_IL.png,b064e8a403fb60f6
timeseries_png_848b9fc8,3_visualize/out/timeseries_IN.png,33bdd96c55555807
timeseries_png_120507b5,3_visualize/out/timeseries_KS.png,a143ba0f5e50050e
timeseries_png_86e10df2,3_visualize/out/timeseries_KY.png,a7821c7d91b7eb8e
timeseries_png_cf09f45c,3_visualize/out/timeseries_LA.png,624ec2ca86a31939
timeseries_png_7725ba1c,3_visualize/out/timeseries_MA.png,0f627eb5d81ded58
timeseries_png_51e3d4fd,3_visualize/out/timeseries_MD.png,c26892d265dd71a5
timeseries_png_c50fb29d,3_visualize/out/timeseries_ME.png,5bea2d5c9bf7d284
timeseries_png_392bacca,3_visualize/out/timeseries_MI.png,0f930cc10d2a2d64
timeseries_png_e3a8e1c4,3_visualize/out/timeseries_MN.png,366182c1d9113766
timeseries_png_c956e48f,3_visualize/out/timeseries_MO.png,c771e26b157c4ffb
timeseries_png_059572ea,3_visualize/out/timeseries_MS.png,72879b8dd9fa19a0
timeseries_png_4f6ee392,3_visualize/out/timeseries_MT.png,23cb9fa877e50832
timeseries_png_564306d4,3_visualize/out/timeseries_NC.png,52f213d3327cd7b0
timeseries_png_5cba9b02,3_visualize/out/timeseries_ND.png,c047b887cd908d14
timeseries_png_9b9ad814,3_visualize/out/timeseries_NE.png,d1b075d70e43a55d
timeseries_png_2b177c6b,3_visualize/out/timeseries_NH.png,47384ca29fb54787
timeseries_png_a04db406,3_visualize/out/timeseries_NJ.png,2dac51ecc48353e3
timeseries_png_c5b83d0a,3_visualize/out/timeseries_NM.png,2cf9250403493e5e
timeseries_png_1d5dc768,3_visualize/out/timeseries_NV.png,63b737cab594ab59
timeseries_png_f477a580,3_visualize/out/timeseries_NY.png,704e2fe831623836
timeseries_png_53f5d9b6,3_visualize/out/timeseries_OH.png,2fbb17c587bab3bd
timeseries_png_76c2b292,3_visualize/out/timeseries_OK.png,15995ea246bb4379
timeseries_png_69a1178f,3_visualize/out/timeseries_OR.png,ce7f7c544b1798e6
timeseries_png_0bf411ff,3_visualize/out/timeseries_PA.png,c0d10e77cbec0b6a
timeseries_png_57a920aa,3_visualize/out/timeseries_PR.png,676dea84184bef09
timeseries_png_5c8b522c,3_visualize/out/timeseries_RI.png,650ef2b2e840546f
timeseries_png_3f95bfa3,3_visualize/out/timeseries_SC.png,b2181619ef0f668d
timeseries_png_8dae2795,3_visualize/out/timeseries_SD.png,a46a3ef8204958ef
timeseries_png_770a3e07,3_visualize/out/timeseries_TN.png,eca69fcad47f029e
timeseries_png_c44652a0,3_visualize/out/timeseries_TX.png,1ef0df10a8ac8281
timeseries_png_fb90e858,3_visualize/out/timeseries_UT.png,b272c22a62323972
timeseries_png_4fa14bcd,3_visualize/out/timeseries_VA.png,ac4b9edbcae5c270
timeseries_png_07bcd5d5,3_visualize/out/timeseries_WA.png,23166c7b7e669404
timeseries_png_e88a54b0,3_visualize/out/timeseries_WI.png,f2de2620225b2ea5
timeseries_png_62148fba,3_visualize/out/timeseries_WV.png,ed9507f7e4d0e182
timeseries_png_95f7f07d,3_visualize/out/timeseries_WY.png,26718cf3bd59b44e
